Janice,Evans,3,20,1984,Female,07 Summerview Center,Minneapolis,MN,98001,jevans0@redcross.org,Thoughtmix,jevans0,w47n113Qei
Ruby,Henry,5,13,1991,Female,20 Clemons Terrace,Winston Salem,NC,98001,rhenry1@51.la,Rhycero,rhenry1,pKmhRUE3E
Jimmy,Ruiz,9,12,1990,Male,923 Bultman Hill,New York City,NY,98001,jruiz2@xing.com,Eabox,jruiz2,Rb0EEs5hc
Charles,Wood,6,26,1986,Male,0245 Sheridan Alley,Chico,CA,98001,cwood3@google.de,Skiba,cwood3,jKRqx6KP
Theresa,Miller,8,18,1992,Female,04483 Forest Run Place,Portland,OR,98001,tmiller4@businessinsider.com,Vinte,tmiller4,GhxKRfWmX
Frank,Watson,6,23,1983,Male,5 Kedzie Drive,Glendale,CA,98001,fwatson5@youtube.com,Demimbu,fwatson5,rA6ARTPm5
Mary,Ferguson,2,11,1988,Female,7661 Kipling Circle,Shreveport,LA,98001,mferguson6@china.com.cn,Jayo,mferguson6,SlT65wpBMCy
Steve,Andrews,12,16,1980,Male,64857 Ruskin Lane,Riverside,CA,98001,sandrews7@baidu.com,Shuffledrive,sandrews7,MaG6y5
Gloria,Fernandez,8,2,1983,Female,3628 Debs Hill,Silver Spring,MD,98001,gfernandez8@google.ru,Shuffledrive,gfernandez8,sOn6vQMfF
Judith,Gonzales,2,2,1984,Female,3 Cascade Alley,Houston,TX,98001,jgonzales9@google.com.br,Edgewire,jgonzales9,xdR7S2xPUjn
Alex,Terikov,JANUARY,1,1904,Unisex,3301 main str sw,Auburn,KY,98092,teraliv@uw.edu,Memorial Ltd,teraliv,qwerty
Vasia,Pupkin,JANUARY,1,1903,Unisex,123 10th str NE,Tacoma,CA,99001,vpupkin,vpupking inc,vp@gmail.com,asdfg
